{"cameraMode":{"drawMode":0,"name":"Shaded","section":"Shading Mode"},"sceneLighting":false,"audioPlay":false,"sceneViewState":{"showFog":true,"showMaterialUpdate":false,"showSkybox":false,"showFlares":true,"showImageEffects":true,"showParticleSystems":true},"in2DMode":false,"pivot":{"x":0.7638163566589356,"y":-0.014243975281715393,"z":-0.37657225131988528},"rotation":{"x":-0.04160641133785248,"y":0.9571406245231628,"z":-0.17596016824245454,"w":-0.22632960975170136},"size":0.324745237827301,"orthographic":false}