{"cameraMode":{"drawMode":0,"name":"Shaded","section":"Shading Mode"},"sceneLighting":false,"audioPlay":false,"sceneViewState":{"showFog":true,"showMaterialUpdate":false,"showSkybox":false,"showFlares":true,"showImageEffects":true,"showParticleSystems":true},"in2DMode":false,"pivot":{"x":7.776780128479004,"y":3.1186113357543947,"z":19.59713363647461},"rotation":{"x":-0.0022519677877426149,"y":-0.9974932670593262,"z":0.03623316437005997,"w":-0.06144603341817856},"size":9.788664817810059,"orthographic":false}